icdid;kode;nama;kode_asteric;kode_lokal;nama_lokal;kode_l;icddid;singkatan;header;is_aktif
37133;A00;Cholera;;;;37133;37;ICP                                                                                                                             ;TRUE;TRUE
37134;A00.0;Cholera due to Vibrio cholerae 01, biovar cholerae;;;;;37;;;TRUE
37135;A00.1;Cholera due to Vibrio cholerae 01, biovar eltor;;;;;37;;;TRUE
37136;A00.9;Cholera, unspecified;;;;;37;;;TRUE
37137;A01;Typhoid and paratyphoid fevers;;;;;107;;;TRUE
37138;A01.0;Typhoid fever;;;;37138;107;;FALSE;TRUE
37139;A01.1;Paratyphoid fever A;;;;;107;;;TRUE
37140;A01.2;Paratyphoid fever B;;;;;107;;;TRUE
37141;A01.3;Paratyphoid fever C;;;;;107;;;TRUE
37142;A01.4;Paratyphoid fever, unspecified;;;;;107;;;TRUE
37143;A02;Other salmonella infections;;;;;392;;;TRUE
37144;A02.0;Salmonella enteritis;;;;;392;;;TRUE
37145;A02.1;Salmonella sepsis;;;;;392;;;TRUE
37146;A02.2+;Localized salmonella infections;;;;;392;;;TRUE
37147;A02.8;Other specified salmonella infections;;;;;392;;;TRUE
37148;A02.9;Salmonella infection, unspecified;;;;;392;;;TRUE
37149;A03;Shigellosis/singel;;;;37149;83;;FALSE;TRUE
37150;A03.0;Shigellosis due to Shigella dysenteriae;;;;;83;;;TRUE
37151;A03.1;Shigellosis due to Shigella flexneri;;;;;83;;;TRUE
37152;A03.2;Shigellosis due to Shigella boydii;;;;;83;;;TRUE
37153;A03.3;Shigellosis due to Shigella sonnei;;;;;83;;;TRUE
37154;A03.8;Other shigellosis;;;;;83;;;TRUE
37155;A03.9;Shigellosis, unspecified;;;;;83;;;TRUE
37156;A04;Other bacterial intestinal infections;;;;;392;;;TRUE
37157;A04.0;Enteropathogenic Escherichia coli infection;;;;;392;;;TRUE
37158;A04.1;Enterotoxigenic Escherichia coli infection;;;;;392;;;TRUE
37159;A04.2;Enteroinvasive Escherichia coli infection;;;;;392;;;TRUE
37160;A04.3;Enterohaemorrhagic Escherichia coli infection;;;;;392;;;TRUE
37161;A04.4;Other intestinal Escherichia coli infections;;;;;392;;;TRUE
37162;A04.5;Campylobacter enteritis;;;;;392;;;TRUE
37163;A04.6;Enteritis due to Yersinia enterocolitica;;;;;392;;;TRUE
37164;A04.7;Enterocolitis due to Clostridium difficile;;;;;392;;;TRUE
37165;A04.8;Other specified bacterial intestinal infections;;;;;392;;;TRUE
37166;A04.9;Bacterial intestinal infection, unspecified;;;;;392;;;TRUE
37167;A05;Other bacterial foodborne intoxications, not elsewhere classified;;;;;392;;;TRUE
37168;A05.0;Foodborne staphylococcal intoxication;;;;;392;;;TRUE
37169;A05.1;Botulism;;;;;392;;;TRUE
37170;A05.2;Foodborne Clostridium perfringens [Clostridium welchii] intoxication;;;;;392;;;TRUE
37171;A05.3;Foodborne Vibrio parahaemolyticus intoxication;;;;;392;;;TRUE
37172;A05.4;Foodborne Bacillus cereus intoxication;;;;;392;;;TRUE
37173;A05.8;Other specified bacterial foodborne intoxications;;;;;392;;;TRUE
37174;A05.9;Bacterial foodborne intoxication, unspecified;;;;;392;;;TRUE
37175;A06;Amoebiasis;;;;;209;;;TRUE
37176;A06.0;Acute amoebic dysentery;;;;;209;;;TRUE
37177;A06.1;Chronic intestinal amoebiasis;;;;;209;;;TRUE
37178;A06.2;Amoebic nondysenteric colitis;;;;;209;;;TRUE
37179;A06.3;Amoeboma of intestine;;;;;209;;;TRUE
37180;A06.4;Amoebic liver abscess;;;;;261;;;TRUE
37181;A06.5+;Amoebic lung abscess (J99.8*);;;;;209;;;TRUE
37182;A06.6+;Amoebic brain abscess (G07*);;;;;209;;;TRUE
37183;A06.7;Cutaneous amoebiasis;;;;;209;;;TRUE
37184;A06.8;Amoebic infection of other sites;;;;;209;;;TRUE
37185;A06.9;Amoebiasis, unspecified;;;;;209;;;TRUE
37186;A07;Other protozoal intestinal diseases;;;;;392;;;TRUE
37187;A07.0;Balantidiasis;;;;;392;;;TRUE
37188;A07.1;Giardiasis [lambliasis];;;;;392;;;TRUE
37189;A07.2;Cryptosporidiosis;;;;;392;;;TRUE
37190;A07.3;Isosporiasis;;;;;392;;;TRUE
37191;A07.8;Other specified protozoal intestinal diseases;;;;;392;;;TRUE
37192;A07.9;Protozoal intestinal disease, unspecified;;;;;392;;;TRUE
37193;A08;Viral and other specified intestinal infections;;;;;392;;;TRUE
37194;A08.0;Rotaviral enteritis;;;;;392;;;TRUE
37195;A08.1;Acute gastroenteropathy due to Norwalk agent;;;;;392;;;TRUE
37196;A08.2;Adenoviral enteritis;;;;;392;;;TRUE
37197;A08.3;Other viral enteritis;;;;;392;;;TRUE
37198;A08.4;Viral intestinal infection, unspecified;;;;;392;;;TRUE
37199;A08.5;Other specified intestinal infections;;;;;392;;;TRUE
37200;A09;Other gastroenteritis and colitis of infectious and unspecified origin;;;;;27;;;TRUE
37201;A15;Respiratory tuberculosis, bacteriologically and histologically confirmed;;;;;145;;;TRUE
37202;A15.0;Tuberculosis of lung, confirmed by sputum microscopy with or without culture;;;;;145;;;TRUE
37203;A15.1;Tuberculosis of lung, confirmed by culture only;;;;;262;;;TRUE
37204;A15.2;Tuberculosis of lung, confirmed histologically;;;;;262;;;TRUE
37205;A15.3;Tuberculosis of lung, confirmed by unspecified means;;;;;262;;;TRUE
37206;A15.4;Tuberculosis of intrathoracic lymph nodes, confirmed bacteriologically and histologically;;;;;262;;;TRUE
37207;A15.5;Tuberculosis of larynx, trachea and bronchus, confirmed bacteriologically and histologically;;;;;262;;;TRUE
37208;A15.6;Tuberculous pleurisy, confirmed bacteriologically and histologically;;;;;262;;;TRUE
37209;A15.7;Primary respiratory tuberculosis, confirmed bacteriologically and histologically;;;;;262;;;TRUE
37210;A15.8;Other respiratory tuberculosis, confirmed bacteriologically and histologically;;;;;262;;;TRUE
37211;A15.9;Respiratory tuberculosis unspecified, confirmed bacteriologically and histologically;;;;;262;;;TRUE
37212;A16;Respiratory tuberculosis, not confirmed bacteriologically or histologically;;;;;262;;;TRUE
37213;A16.0;Tuberculosis of lung, bacteriologically and histologically negative;;;;;262;;;TRUE
37214;A16.1;Tuberculosis of lung, bacteriological and histological examination not done;;;;;262;;;TRUE
37215;A16.2;Tuberculosis of lung, without mention of bacteriological or histological confirmation;;;;;262;;;TRUE
37216;A16.3;Tuberculosis of intrathoracic lymph nodes, without mention of bacteriological or histological confirmation;;;;;115;;;TRUE
37217;A16.4;Tuberculosis of larynx, trachea and bronchus, without mention of bacteriological or histological confirmation;;;;;115;;;TRUE
37218;A16.5;Tuberculous pleurisy, without mention of bacteriological or histological confirmation;;;;;115;;;TRUE
37219;A16.7;Primary respiratory tuberculosis without mention of bacteriological or histological confirmation;;;;;115;;;TRUE
37220;A16.8;Other respiratory tuberculosis, without mention of bacteriological or histological confirmation;;;;;115;;;TRUE
37221;A16.9;Respiratory tuberculosis unspecified, without mention of bacteriological or histological confirmation;;;;;115;;;TRUE
37222;A17+;Tuberculosis of nervous system;;;;;99;;;TRUE
37223;A17.0+;Tuberculous meningitis (G01*);;;;;99;;;TRUE
37224;A17.1+;Meningeal tuberculoma (G07*);;;;;84;;;TRUE
37225;A17.8+;Other tuberculosis of nervous system;;;;;84;;;TRUE
37226;A17.9+;Tuberculosis of nervous system, unspecified (G99.8*);;;;;84;;;TRUE
37227;A18;Tuberculosis of other organs;;;;;99;;;TRUE
37228;A18.0+;Tuberculosis of bones and joints;;;;;359;;;TRUE
37229;A18.1+;Tuberculosis of genitourinary system;;;;;184;;;TRUE
37230;A18.2;Tuberculous peripheral lymphadenopathy;;;;;339;;;TRUE
37231;A18.3;Tuberculosis of intestines, peritoneum and mesenteric glands;;;;;184;;;TRUE
37232;A18.4;Tuberculosis of skin and subcutaneous tissue;;;;;184;;;TRUE
37233;A18.5+;Tuberculosis of eye;;;;;184;;;TRUE
37234;A18.6+;Tuberculosis of ear;;;;;184;;;TRUE
37235;A18.7+;Tuberculosis of adrenal glands (E35.1*);;;;;184;;;TRUE
37236;A18.8+;Tuberculosis of other specified organs;;;;;184;;;TRUE
37237;A19;Miliary tuberculosis;;;;;159;;;TRUE
37238;A19.0;Acute miliary tuberculosis of a single specified site;;;;;159;;;TRUE
37239;A19.1;Acute miliary tuberculosis of multiple sites;;;;;159;;;TRUE
37240;A19.2;Acute miliary tuberculosis, unspecified;;;;;159;;;TRUE
37241;A19.8;Other miliary tuberculosis;;;;;159;;;TRUE
37242;A19.9;Miliary tuberculosis, unspecified;;;;;159;;;TRUE
37243;A20;Plague;;;;;88;;;TRUE
37244;A20.0;Bubonic plague;;;;;88;;;TRUE
37245;A20.1;Cellulocutaneous plague;;;;;88;;;TRUE
37246;A20.2;Pneumonic plague;;;;;88;;;TRUE
37247;A20.3;Plague meningitis;;;;;88;;;TRUE
37248;A20.7;Septicaemic plague;;;;;88;;;TRUE
37249;A20.8;Other forms of plague;;;;;88;;;TRUE
37250;A20.9;Plague, unspecified;;;;;88;;;TRUE
37251;A21;Tularaemia;;;;;173;;;TRUE
37252;A21.0;Ulceroglandular tularaemia;;;;;173;;;TRUE
37253;A21.1;Oculoglandular tularaemia;;;;;173;;;TRUE
37254;A21.2;Pulmonary tularaemia;;;;;173;;;TRUE
37255;A21.3;Gastrointestinal tularaemia;;;;;173;;;TRUE
37256;A21.7;Generalized tularaemia;;;;;173;;;TRUE
37257;A21.8;Other forms of tularaemia;;;;;173;;;TRUE
37258;A21.9;Tularaemia, unspecified;;;;;173;;;TRUE
37259;A22;Anthrax;;;;;89;;;TRUE
37260;A22.0;Cutaneous anthrax;;;;;89;;;TRUE
37261;A22.1;Pulmonary anthrax;;;;;89;;;TRUE
37262;A22.2;Gastrointestinal anthrax;;;;;89;;;TRUE
37263;A22.7;Anthrax sepsis;;;;;89;;;TRUE
37264;A22.8;Other forms of anthrax;;;;;89;;;TRUE
37265;A22.9;Anthrax, unspecified;;;;;89;;;TRUE
37266;A23;Brucellosis;;;;;279;;;TRUE
37267;A23.0;Brucellosis due to Brucella melitensis;;;;;279;;;TRUE
37268;A23.1;Brucellosis due to Brucella abortus;;;;;279;;;TRUE
37269;A23.2;Brucellosis due to Brucella suis;;;;;279;;;TRUE
37270;A23.3;Brucellosis due to Brucella canis;;;;;279;;;TRUE
37271;A23.8;Other brucellosis;;;;;279;;;TRUE
37272;A23.9;Brucellosis, unspecified;;;;;279;;;TRUE
37273;A24;Glanders and melioidosis;;;;;173;;;TRUE
37274;A24.0;Glanders;;;;;173;;;TRUE
37275;A24.1;Acute and fulminating melioidosis;;;;;173;;;TRUE
37276;A24.2;Subacute and chronic melioidosis;;;;;173;;;TRUE
37277;A24.3;Other melioidosis;;;;;173;;;TRUE
37278;A24.4;Melioidosis, unspecified;;;;;173;;;TRUE
37279;A25;Rat-bite fevers;;;;;173;;;TRUE
37280;A25.0;Spirillosis;;;;;173;;;TRUE
37281;A25.1;Streptobacillosis;;;;;173;;;TRUE
37282;A25.9;Rat-bite fever, unspecified;;;;;173;;;TRUE
37283;A26;Erysipeloid;;;;;173;;;TRUE
37284;A26.0;Cutaneous erysipeloid;;;;;173;;;TRUE
37285;A26.7;Erysipelothrix sepsis;;;;;173;;;TRUE
37286;A26.8;Other forms of erysipeloid;;;;;173;;;TRUE
37287;A26.9;Erysipeloid, unspecified;;;;;173;;;TRUE
37288;A27;Leptospirosis;;;;;173;;;TRUE
37289;A27.0;Leptospirosis icterohaemorrhagica;;;;;173;;;TRUE
37290;A27.8;Other forms of leptospirosis;;;;;173;;;TRUE
37291;A27.9;Leptospirosis, unspecified;;;;;173;;;TRUE
37292;A28;Other zoonotic bacterial diseases, not elsewhere classified;;;;;173;;;TRUE
37293;A28.0;Pasteurellosis;;;;;173;;;TRUE
37294;A28.1;Cat-scratch disease;;;;;173;;;TRUE
37295;A28.2;Extraintestinal yersiniosis;;;;;173;;;TRUE
37296;A28.8;Other specified zoonotic bacterial diseases, not elsewhere classified;;;;;173;;;TRUE
37297;A28.9;Zoonotic bacterial disease, unspecified;;;;;173;;;TRUE
37298;A30;Leprosy [Hansen's disease];;;;;119;;;TRUE
37299;A30.0;Indeterminate leprosy;;;;;119;;;TRUE
37300;A30.1;Tuberculoid leprosy;;;;;119;;;TRUE
37301;A30.2;Borderline tuberculoid leprosy;;;;;119;;;TRUE
37302;A30.3;Borderline leprosy;;;;;119;;;TRUE
37303;A30.4;Borderline lepromatous leprosy;;;;;119;;;TRUE
37304;A30.5;Lepromatous leprosy;;;;;119;;;TRUE
37305;A30.8;Other forms of leprosy;;;;;119;;;TRUE
37306;A30.9;Leprosy, unspecified;;;;;119;;;TRUE
37307;A31;Infection due to other mycobacteria;;;;;173;;;TRUE
37308;A31.0;Pulmonary mycobacterial infection;;;;;173;;;TRUE
37309;A31.1;Cutaneous mycobacterial infection;;;;;173;;;TRUE
37310;A31.8;Other mycobacterial infections;;;;;173;;;TRUE
37311;A31.9;Mycobacterial infection, unspecified;;;;;173;;;TRUE
37312;A32;Listeriosis;;;;;173;;;TRUE
37313;A32.0;Cutaneous listeriosis;;;;;173;;;TRUE
37314;A32.1+;Listerial meningitis and meningoencephalitis;;;;;173;;;TRUE
37315;A32.7;Listerial sepsis;;;;;173;;;TRUE
37316;A32.8;Other forms of listeriosis;;;;;173;;;TRUE
37317;A32.9;Listeriosis, unspecified;;;;;173;;;TRUE
37318;A33;Tetanus neonatorum;;;;;268;;;TRUE
37319;A34;Obstetrical tetanus;;;;;344;;;TRUE
37320;A35;Other tetanus;;;;;344;;;TRUE
37321;A36;Diphtheria;;;;;221;;;TRUE
37322;A36.0;Pharyngeal diphtheria;;;;;221;;;TRUE
37323;A36.1;Nasopharyngeal diphtheria;;;;;221;;;TRUE
37324;A36.2;Laryngeal diphtheria;;;;;221;;;TRUE
37325;A36.3;Cutaneous diphtheria;;;;;221;;;TRUE
37326;A36.8;Other diphtheria;;;;;221;;;TRUE
37327;A36.9;Diphtheria, unspecified;;;;;221;;;TRUE
37328;A37;Whooping cough;;;;;390;;;TRUE
37329;A37.0;Whooping cough due to Bordetella pertussis;;;;;390;;;TRUE
37330;A37.1;Whooping cough due to Bordetella parapertussis;;;;;390;;;TRUE
37331;A37.8;Whooping cough due to other Bordetella species;;;;;390;;;TRUE
37332;A37.9;Whooping cough, unspecified;;;;;390;;;TRUE
37333;A38;Scarlet fever;;;;;173;;;TRUE
37334;A39;Meningococcal infection;;;;;125;;;TRUE
37335;A39.0+;Meningococcal meningitis (G01*);;;;;125;;;TRUE
37336;A39.1+;Waterhouse-Friderichsen syndrome (E35.1*);;;;;125;;;TRUE
37337;A39.2;Acute meningococcaemia;;;;;125;;;TRUE
37338;A39.3;Chronic meningococcaemia;;;;;125;;;TRUE
37339;A39.4;Meningococcaemia, unspecified;;;;;125;;;TRUE
37340;A39.5+;Meningococcal heart disease;;;;;125;;;TRUE
37341;A39.8;Other meningococcal infections;;;;;125;;;TRUE
37342;A39.9;Meningococcal infection, unspecified;;;;;125;;;TRUE
37343;A40;Streptococcal sepsis;;;;;340;;;TRUE
37344;A40.0;Sepsis due to streptococcus, group A;;;;;340;;;TRUE
37345;A40.1;Sepsis due to streptococcus, group B;;;;;340;;;TRUE
37346;A40.2;Sepsis due to streptococcus, group D;;;;;340;;;TRUE
37347;A40.3;Sepsis due to Streptococcus pneumoniae;;;;;340;;;TRUE
37348;A40.8;Other streptococcal sepsis;;;;;340;;;TRUE
37349;A40.9;Streptococcal sepsis, unspecified;;;;;340;;;TRUE
37350;A41;Other sepsis;;;;;340;;;TRUE
37351;A41.0;Sepsis due to Staphylococcus aureus;;;;;340;;;TRUE
37352;A41.1;Sepsis due to other specified staphylococcus;;;;;340;;;TRUE
37353;A41.2;Sepsis due to unspecified staphylococcus;;;;;340;;;TRUE
37354;A41.3;Sepsis due to Haemophilus influenzae;;;;;340;;;TRUE
37355;A41.4;Sepsis due to anaerobes;;;;;340;;;TRUE
37356;A41.5;Sepsis due to other Gram-negative organisms;;;;;340;;;TRUE
37357;A41.8;Other specified sepsis;;;;;340;;;TRUE
37358;A41.9;Sepsis, unspecified;;;;;340;;;TRUE
37359;A42;Actinomycosis;;;;;173;;;TRUE
37360;A42.0;Pulmonary actinomycosis;;;;;173;;;TRUE
37361;A42.1;Abdominal actinomycosis;;;;;173;;;TRUE
37362;A42.2;Cervicofacial actinomycosis;;;;;173;;;TRUE
37363;A42.7;Actinomycotic sepsis;;;;;173;;;TRUE
37364;A42.8;Other forms of actinomycosis;;;;;173;;;TRUE
37365;A42.9;Actinomycosis, unspecified;;;;;173;;;TRUE
37366;A43;Nocardiosis;;;;;173;;;TRUE
37367;A43.0;Pulmonary nocardiosis;;;;;173;;;TRUE
37368;A43.1;Cutaneous nocardiosis;;;;;173;;;TRUE
37369;A43.8;Other forms of nocardiosis;;;;;173;;;TRUE
37370;A43.9;Nocardiosis, unspecified;;;;;173;;;TRUE
37371;A44;Bartonellosis;;;;;173;;;TRUE
37372;A44.0;Systemic bartonellosis;;;;;173;;;TRUE
37373;A44.1;Cutaneous and mucocutaneous bartonellosis;;;;;173;;;TRUE
37374;A44.8;Other forms of bartonellosis;;;;;173;;;TRUE
37375;A44.9;Bartonellosis, unspecified;;;;;173;;;TRUE
37376;A46;Erysipelas;;;;;173;;;TRUE
37377;A48;Other bacterial diseases, not elsewhere classified;;;;;173;;;TRUE
37378;A48.0;Gas gangrene;;;;;173;;;TRUE
37379;A48.1;Legionnaires' disease;;;;;173;;;TRUE
37380;A48.2;Nonpneumonic Legionnaires disease [Pontiac fever];;;;;173;;;TRUE
37381;A48.3;Toxic shock syndrome;;;;;173;;;TRUE
37382;A48.4;Brazilian purpuric fever;;;;;173;;;TRUE
37383;A48.8;Other specified bacterial diseases;;;;;173;;;TRUE
37384;A49;Bacterial infection of unspecified site;;;;;173;;;TRUE
37385;A49.0;Staphylococcal infection, unspecified site;;;;;173;;;TRUE
37386;A49.1;Streptococcal infection, unspecified site;;;;;173;;;TRUE
37387;A49.2;Haemophilus influenzae infection, unspecified site;;;;;173;;;TRUE
37388;A49.3;Mycoplasma infection, unspecified site;;;;;173;;;TRUE
37389;A49.8;Other bacterial infections of unspecified site;;;;;173;;;TRUE
37390;A49.9;Bacterial infection, unspecified;;;;;173;;;TRUE
37391;A50;Congenital syphilis;;;;;240;;;TRUE
37392;A50.0;Early congenital syphilis, symptomatic;;;;;240;;;TRUE
37393;A50.1;Early congenital syphilis, latent;;;;;240;;;TRUE
37394;A50.2;Early congenital syphilis, unspecified;;;;;240;;;TRUE
37395;A50.3;Late congenital syphilitic oculopathy;;;;;240;;;TRUE
37396;A50.4;Late congenital neurosyphilis [juvenile neurosyphilis];;;;;240;;;TRUE
37397;A50.5;Other late congenital syphilis, symptomatic;;;;;240;;;TRUE
37398;A50.6;Late congenital syphilis, latent;;;;;240;;;TRUE
37399;A50.7;Late congenital syphilis, unspecified;;;;;240;;;TRUE
37400;A50.9;Congenital syphilis, unspecified;;;;;240;;;TRUE
37401;A51;Early syphilis;;;;;46;;;TRUE
37402;A51.0;Primary genital syphilis;;;;;46;;;TRUE
37403;A51.1;Primary anal syphilis;;;;;46;;;TRUE
37404;A51.2;Primary syphilis of other sites;;;;;46;;;TRUE
37405;A51.3;Secondary syphilis of skin and mucous membranes;;;;;46;;;TRUE
37406;A51.4;Other secondary syphilis;;;;;46;;;TRUE
37407;A51.5;Early syphilis, latent;;;;;46;;;TRUE
37408;A51.9;Early syphilis, unspecified;;;;;46;;;TRUE
37409;A52;Late syphilis;;;;;345;;;TRUE
37410;A52.0+;Cardiovascular syphilis;;;;;345;;;TRUE
37411;A52.1;Symptomatic neurosyphilis;;;;;345;;;TRUE
37412;A52.2;Asymptomatic neurosyphilis;;;;;345;;;TRUE
37413;A52.3;Neurosyphilis, unspecified;;;;;345;;;TRUE
37414;A52.7;Other symptomatic late syphilis;;;;;345;;;TRUE
37415;A52.8;Late syphilis, latent;;;;;345;;;TRUE
37416;A52.9;Late syphilis, unspecified;;;;;345;;;TRUE
37417;A53;Other and unspecified syphilis;;;;;345;;;TRUE
37418;A53.0;Latent syphilis, unspecified as early or late;;;;;345;;;TRUE
37419;A53.9;Syphilis, unspecified;;;;;345;;;TRUE
37420;A54;Gonococcal infection;;;;;34;;;TRUE
37421;A54.0;Gonococcal infection of lower genitourinary tract without periurethral or accessory gland abscess;;;;;34;;;TRUE
37422;A54.1;Gonococcal infection of lower genitourinary tract with periurethral and accessory gland abscess;;;;;34;;;TRUE
37423;A54.2+;Gonococcal pelviperitonitis and other gonococcal genitourinary;;;;;34;;;TRUE
37424;A54.3;Gonococcal infection of eye;;;;;34;;;TRUE
37425;A54.4+;Gonococcal infection of musculoskeletal system;;;;;34;;;TRUE
37426;A54.5;Gonococcal pharyngitis;;;;;34;;;TRUE
37427;A54.6;Gonococcal infection of anus and rectum;;;;;34;;;TRUE
37428;A54.8;Other gonococcal infections;;;;;34;;;TRUE
37429;A54.9;Gonococcal infection, unspecified;;;;;34;;;TRUE
37430;A55;Chlamydial lymphogranuloma (venereum);;;;;210;;;TRUE
37431;A56;Other sexually transmitted chlamydial diseases;;;;;210;;;TRUE
37432;A56.0;Chlamydial infection of lower genitourinary tract;;;;;210;;;TRUE
37433;A56.1+;Chlamydial infection of pelviperitoneum and other genitourinary organs;;;;;210;;;TRUE
37434;A56.2;Chlamydial infection of genitourinary tract, unspecified;;;;;210;;;TRUE
37435;A56.3;Chlamydial infection of anus and rectum;;;;;210;;;TRUE
37436;A56.4;Chlamydial infection of pharynx;;;;;210;;;TRUE
37437;A56.8;Sexually transmitted chlamydial infection of other sites;;;;;210;;;TRUE
37438;A57;Chancroid;;;;;53;;;TRUE
37439;A58;Granuloma inguinale;;;;;53;;;TRUE
37440;A59;Trichomoniasis;;;;;53;;;TRUE
37441;A59.0;Urogenital trichomoniasis;;;;;53;;;TRUE
37442;A59.8;Trichomoniasis of other sites;;;;;53;;;TRUE
37443;A59.9;Trichomoniasis, unspecified;;;;;53;;;TRUE
37444;A60;Anogenital herpesviral [herpes simplex] infection;;;;;53;;;TRUE
37445;A60.0;Herpesviral infection of genitalia and urogenital tract;;;;;53;;;TRUE
37446;A60.1;Herpesviral infection of perianal skin and rectum;;;;;53;;;TRUE
37447;A60.9;Anogenital herpesviral infection, unspecified;;;;;53;;;TRUE
37448;A63;Other predominantly sexually transmitted diseases, not elsewhere classified;;;;;53;;;TRUE
37449;A63.0;Anogenital (venereal) warts;;;;;53;;;TRUE
37450;A63.8;Other specified predominantly sexually transmitted diseases;;;;;53;;;TRUE
37451;A64;Unspecified sexually transmitted disease;;;;;53;;;TRUE
37452;A65;Nonvenereal syphilis;;;;;287;;;TRUE
37453;A66;Yaws;;;;;131;;;TRUE
37454;A66.0;Initial lesions of yaws;;;;;131;;;TRUE
37455;A66.1;Multiple papillomata and wet crab yaws;;;;;131;;;TRUE
37456;A66.2;Other early skin lesions of yaws;;;;;131;;;TRUE
37457;A66.3;Hyperkeratosis of yaws;;;;;131;;;TRUE
37458;A66.4;Gummata and ulcers of yaws;;;;;131;;;TRUE
37459;A66.5;Gangosa;;;;;131;;;TRUE
37460;A66.6;Bone and joint lesions of yaws;;;;;131;;;TRUE
37461;A66.7;Other manifestations of yaws;;;;;131;;;TRUE
37462;A66.8;Latent yaws;;;;;131;;;TRUE
37463;A66.9;Yaws, unspecified;;;;;131;;;TRUE
37464;A67;Pinta [carate];;;;;287;;;TRUE
37465;A67.0;Primary lesions of pinta;;;;;287;;;TRUE
37466;A67.1;Intermediate lesions of pinta;;;;;287;;;TRUE
37467;A67.2;Late lesions of pinta;;;;;287;;;TRUE
37468;A67.3;Mixed lesions of pinta;;;;;287;;;TRUE
37469;A67.9;Pinta, unspecified;;;;;287;;;TRUE
37470;A68;Relapsing fevers;;;;;224;;;TRUE
37471;A68.0;Louse-borne relapsing fever;;;;;224;;;TRUE
37472;A68.1;Tick-borne relapsing fever;;;;;224;;;TRUE
37473;A68.9;Relapsing fever, unspecified;;;;;224;;;TRUE
37474;A69;Other spirochaetal infections;;;;;287;;;TRUE
37475;A69.0;Necrotizing ulcerative stomatitis;;;;;287;;;TRUE
37476;A69.1;Other Vincent infections;;;;;287;;;TRUE
37477;A69.2;Lyme disease;;;;;287;;;TRUE
37478;A69.8;Other specified spirochaetal infections;;;;;287;;;TRUE
37479;A69.9;Spirochaetal infection, unspecified;;;;;287;;;TRUE
37480;A70;Chlamydia psittaci infection;;;;;287;;;TRUE
37481;A71;Trachoma;;;;;288;;;TRUE
37482;A71.0;Initial stage of trachoma;;;;;288;;;TRUE
37483;A71.1;Active stage of trachoma;;;;;288;;;TRUE
37484;A71.9;Trachoma, unspecified;;;;;288;;;TRUE
37485;A74;Other diseases caused by chlamydiae;;;;;287;;;TRUE
37486;A74.0+;Chlamydial conjunctivitis (H13.1*);;;;;287;;;TRUE
37487;A74.8;Other chlamydial diseases;;;;;287;;;TRUE
37488;A74.9;Chlamydial infection, unspecified;;;;;287;;;TRUE
37489;A75;Typhus fever;;;;;429;;;TRUE
37490;A75.0;Epidemic louse-borne typhus fever due to Rickettsia prowazekii;;;;;429;;;TRUE
37491;A75.1;Recrudescent typhus [Brill disease];;;;;429;;;TRUE
37492;A75.2;Typhus fever due to Rickettsia typhi;;;;;429;;;TRUE
37493;A75.3;Typhus fever due to Rickettsia tsutsugamushi;;;;;429;;;TRUE
37494;A75.9;Typhus fever, unspecified;;;;;429;;;TRUE
37495;A77;Spotted fever [tick-borne rickettsioses];;;;;287;;;TRUE
37496;A77.0;Spotted fever due to Rickettsia rickettsii;;;;;287;;;TRUE
37497;A77.1;Spotted fever due to Rickettsia conorii;;;;;287;;;TRUE
37498;A77.2;Spotted fever due to Rickettsia sibirica;;;;;287;;;TRUE
37499;A77.3;Spotted fever due to Rickettsia australis;;;;;287;;;TRUE
37500;A77.8;Other spotted fevers;;;;;287;;;TRUE
37501;A77.9;Spotted fever, unspecified;;;;;287;;;TRUE
37502;A78;Q fever;;;;;287;;;TRUE
37503;A79;Other rickettsioses;;;;;287;;;TRUE
37504;A79.0;Trench fever;;;;;287;;;TRUE
37505;A79.1;Rickettsialpox due to Rickettsia akari;;;;;287;;;TRUE
37506;A79.8;Other specified rickettsioses;;;;;287;;;TRUE
37507;A79.9;Rickettsiosis, unspecified;;;;;287;;;TRUE
37508;A80;Acute poliomyelitis;;;;;335;;;TRUE
37509;A80.0;Acute paralytic poliomyelitis, vaccine-associated;;;;;335;;;TRUE
37510;A80.1;Acute paralytic poliomyelitis, wild virus, imported;;;;;335;;;TRUE
37511;A80.2;Acute paralytic poliomyelitis, wild virus, indigenous;;;;;335;;;TRUE
37512;A80.3;Acute paralytic poliomyelitis, other and unspecified;;;;;335;;;TRUE
37513;A80.4;Acute nonparalytic poliomyelitis;;;;;335;;;TRUE
37514;A80.9;Acute poliomyelitis, unspecified;;;;;335;;;TRUE
37515;A81;Atypical virus infections of central nervous system;;;;;42;;;TRUE
37516;A81.0;Creutzfeldt-Jakob disease;;;;;42;;;TRUE
37517;A81.1;Subacute sclerosing panencephalitis;;;;;42;;;TRUE
37518;A81.2;Progressive multifocal leukoencephalopathy;;;;;42;;;TRUE
37519;A81.8;Other atypical virus infections of central nervous system;;;;;42;;;TRUE
37520;A81.9;Atypical virus infection of central nervous system, unspecified;;;;;42;;;TRUE
37521;A82;Rabies;;;;;15;;;TRUE
37522;A82.0;Sylvatic rabies;;;;;15;;;TRUE
37523;A82.1;Urban rabies;;;;;15;;;TRUE
37524;A82.9;Rabies, unspecified;;;;;15;;;TRUE
37525;A83;Mosquito-borne viral encephalitis;;;;;323;;;TRUE
37526;A83.0;Japanese encephalitis;;;;;323;;;TRUE
37527;A83.1;Western equine encephalitis;;;;;323;;;TRUE
37528;A83.2;Eastern equine encephalitis;;;;;323;;;TRUE
37529;A83.3;St Louis encephalitis;;;;;323;;;TRUE
37530;A83.4;Australian encephalitis;;;;;323;;;TRUE
37531;A83.5;California encephalitis;;;;;323;;;TRUE
37532;A83.6;Rocio virus disease;;;;;323;;;TRUE
37533;A83.8;Other mosquito-borne viral encephalitis;;;;;323;;;TRUE
37534;A83.9;Mosquito-borne viral encephalitis, unspecified;;;;;323;;;TRUE
37535;A84;Tick-borne viral encephalitis;;;;;323;;;TRUE
37536;A84.0;Far Eastern tick-borne encephalitis [Russian spring-summer encephalitis];;;;;323;;;TRUE
37537;A84.1;Central European tick-borne encephalitis;;;;;323;;;TRUE
37538;A84.8;Other tick-borne viral encephalitis;;;;;323;;;TRUE
37539;A84.9;Tick-borne viral encephalitis, unspecified;;;;;323;;;TRUE
37540;A85;Other viral encephalitis, not elsewhere classified;;;;;323;;;TRUE
37541;A85.0+;Enteroviral encephalitis (G05.1*);;;;;323;;;TRUE
37542;A85.1+;Adenoviral encephalitis (G05.1*);;;;;323;;;TRUE
37543;A85.2;Arthropod-borne viral encephalitis, unspecified;;;;;323;;;TRUE
37544;A85.8;Other specified viral encephalitis;;;;;323;;;TRUE
37545;A86;Unspecified viral encephalitis;;;;;323;;;TRUE
37546;A87;Viral meningitis;;;;;42;;;TRUE
37547;A87.0+;Enteroviral meningitis (G02.0*);;;;;42;;;TRUE
37548;A87.1+;Adenoviral meningitis (G02.0*);;;;;42;;;TRUE
37549;A87.2;Lymphocytic choriomeningitis;;;;;42;;;TRUE
37550;A87.8;Other viral meningitis;;;;;42;;;TRUE
37551;A87.9;Viral meningitis, unspecified;;;;;42;;;TRUE
37552;A88;Other viral infections of central nervous system, not elsewhere classified;;;;;42;;;TRUE
37553;A88.0;Enteroviral exanthematous fever [Boston exanthem];;;;;42;;;TRUE
37554;A88.1;Epidemic vertigo;;;;;42;;;TRUE
37555;A88.8;Other specified viral infections of central nervous system;;;;;42;;;TRUE
37556;A89;Unspecified viral infection of central nervous system;;;;;42;;;TRUE
37557;A90;Dengue fever [classical dengue];;;;;176;;;TRUE
37558;A91;Dengue haemorrhagic fever;;;;;185;;;TRUE
37559;A92;Other mosquito-borne viral fevers;;;;;176;;;TRUE
37560;A92.0;Chikungunya virus disease;;;;;28;;;TRUE
37561;A92.1;O`nyong-nyong fever;;;;;13;;;TRUE
37562;A92.2;Venezuelan equine fever;;;;;13;;;TRUE
37563;A92.3;West Nile virus infection;;;;;13;;;TRUE
37564;A92.4;Rift Valley fever;;;;;13;;;TRUE
37565;A92.8;Other specified mosquito-borne viral fevers;;;;;13;;;TRUE
37566;A92.9;Mosquito-borne viral fever, unspecified;;;;;13;;;TRUE
37567;A93;Other arthropod-borne viral fevers, not elsewhere classified;;;;;90;;;TRUE
37568;A93.0;Oropouche virus disease;;;;;90;;;TRUE
37569;A93.1;Sandfly fever;;;;;90;;;TRUE
37570;A93.2;Colorado tick fever;;;;;90;;;TRUE
37571;A93.8;Other specified arthropod-borne viral fevers;;;;;90;;;TRUE
37572;A94;Unspecified arthropod-borne viral fever;;;;;90;;;TRUE
37573;A95;Yellow fever;;;;;430;;;TRUE
37574;A95.0;Sylvatic yellow fever;;;;;430;;;TRUE
37575;A95.1;Urban yellow fever;;;;;430;;;TRUE
37576;A95.9;Yellow fever, unspecified;;;;;430;;;TRUE
37577;A96;Arenaviral haemorrhagic fever;;;;;90;;;TRUE
37578;A96.0;Junin haemorrhagic fever;;;;;90;;;TRUE
37579;A96.1;Machupo haemorrhagic fever;;;;;90;;;TRUE
37580;A96.2;Lassa fever;;;;;90;;;TRUE
37581;A96.8;Other arenaviral haemorrhagic fevers;;;;;90;;;TRUE
37582;A96.9;Arenaviral haemorrhagic fever, unspecified;;;;;90;;;TRUE
37583;A98;Other viral haemorrhagic fevers, not elsewhere classified;;;;;90;;;TRUE
37584;A98.0;Crimean-Congo haemorrhagic fever;;;;;90;;;TRUE
37585;A98.1;Omsk haemorrhagic fever;;;;;90;;;TRUE
37586;A98.2;Kyasanur Forest disease;;;;;90;;;TRUE
37587;A98.3;Marburg virus disease;;;;;90;;;TRUE
37588;A98.4;Ebola virus disease;;;;;90;;;TRUE
37589;A98.5;Haemorrhagic fever with renal syndrome;;;;;90;;;TRUE
37590;A98.8;Other specified viral haemorrhagic fevers;;;;;90;;;TRUE
37591;A99;Unspecified viral haemorrhagic fever;;;;;90;;;TRUE
37592;B00;Herpesviral [herpes simplex] infections;;;;;283;;;TRUE
37593;B00.0;Eczema herpeticum;;;;;283;;;TRUE
37594;B00.1;Herpesviral vesicular dermatitis;;;;;283;;;TRUE
37595;B00.2;Herpesviral gingivostomatitis and pharyngotonsillitis;;;;;283;;;TRUE
37596;B00.3+;Herpesviral meningitis (G02.0*);;;;;283;;;TRUE
37597;B00.4+;Herpesviral encephalitis (G05.1*);;;;;283;;;TRUE
37598;B00.5+;Herpesviral ocular disease;;;;;283;;;TRUE
37599;B00.7;Disseminated herpesviral disease;;;;;283;;;TRUE
37600;B00.8;Other forms of herpesviral infection;;;;;283;;;TRUE
37601;B00.9;Herpesviral infection, unspecified;;;;;283;;;TRUE
37602;B01;Varicella [chickenpox];;;;;272;;;TRUE
37603;B01.0+;Varicella meningitis (G02.0*);;;;;272;;;TRUE
37604;B01.1+;Varicella encephalitis (G05.1*);;;;;272;;;TRUE
37605;B01.2+;Varicella pneumonia (J17.1*);;;;;272;;;TRUE
37606;B01.8;Varicella with other complications;;;;;272;;;TRUE
37607;B01.9;Varicella without complication;;;;;272;;;TRUE
37608;B02;Zoster [herpes zoster];;;;;272;;;TRUE
37609;B02.0+;Zoster encephalitis (G05.1*);;;;;272;;;TRUE
37610;B02.1+;Zoster meningitis (G02.0*);;;;;272;;;TRUE
37611;B02.2+;Zoster with other nervous system involvement;;;;;272;;;TRUE
37612;B02.3+;Zoster ocular disease;;;;;272;;;TRUE
37613;B02.7;Disseminated zoster;;;;;272;;;TRUE
37614;B02.8;Zoster with other complications;;;;;272;;;TRUE
37615;B02.9;Zoster without complication;;;;;272;;;TRUE
37616;B03;Smallpox;;;;;42;;;TRUE
37617;B04;Monkeypox;;;;;42;;;TRUE
37618;B05;Measles;;;;;203;;;TRUE
37619;B05.0+;Measles complicated by encephalitis (G05.1*);;;;;203;;;TRUE
37620;B05.1+;Measles complicated by meningitis (G02.0*);;;;;203;;;TRUE
37621;B05.2+;Measles complicated by pneumonia (J17.1*);;;;;203;;;TRUE
37622;B05.3+;Measles complicated by otitis media (H67.1*);;;;;203;;;TRUE
37623;B05.4;Measles with intestinal complications;;;;;203;;;TRUE
37624;B05.8;Measles with other complications;;;;;203;;;TRUE
37625;B05.9;Measles without complication;;;;;380;;;TRUE
37626;B06;Rubella [German measles];;;;;380;;;TRUE
37627;B06.0+;Rubella with neurological complications;;;;;380;;;TRUE
37628;B06.8;Rubella with other complications;;;;;380;;;TRUE
37629;B06.9;Rubella without complication;;;;;380;;;TRUE
37630;B07;Viral warts;;;;;42;;;TRUE
37631;B08;Other viral infections characterized by skin and mucous membrane lesions, not elsewhere classified;;;;;42;;;TRUE
37632;B08.0;Other orthopoxvirus infections;;;;;42;;;TRUE
37633;B08.1;Molluscum contagiosum;;;;;42;;;TRUE
37634;B08.2;Exanthema subitum [sixth disease];;;;;42;;;TRUE
37635;B08.3;Erythema infectiosum [fifth disease];;;;;42;;;TRUE
37636;B08.4;Enteroviral vesicular stomatitis with exanthem;;;;;42;;;TRUE
37637;B08.5;Enteroviral vesicular pharyngitis;;;;;42;;;TRUE
37638;B08.8;Other specified viral infections characterized by skin and mucous membrane lesions;;;;;42;;;TRUE
37639;B09;Unspecified viral infection characterized by skin and mucous membrane lesions;;;;;42;;;TRUE
37640;B15;Acute hepatitis A;;;;;301;;;TRUE
37641;B15.0;Hepatitis A with hepatic coma;;;;;301;;;TRUE
37642;B15.9;Hepatitis A without hepatic coma;;;;;301;;;TRUE
37643;B16;Acute hepatitis B;;;;;39;;;TRUE
37644;B16.0;Acute hepatitis B with delta-agent (coinfection) with hepatic coma;;;;;39;;;TRUE
37645;B16.1;Acute hepatitis B with delta-agent (coinfection) without hepatic coma;;;;;39;;;TRUE
37646;B16.2;Acute hepatitis B without delta-agent with hepatic coma;;;;;39;;;TRUE
37647;B16.9;Acute hepatitis B without delta-agent and without hepatic coma;;;;;39;;;TRUE
37648;B17;Other acute viral hepatitis;;;;;296;;;TRUE
37649;B17.0;Acute delta-(super)infection of hepatitis B carrier;;;;;296;;;TRUE
37650;B17.1;Acute hepatitis C;;;;;141;;;TRUE
37651;B17.2;Acute hepatitis E;;;;;391;;;TRUE
37652;B17.8;Other specified acute viral hepatitis;;;;;296;;;TRUE
37653;B18;Chronic viral hepatitis;;;;;296;;;TRUE
37654;B18.0;Chronic viral hepatitis B with delta-agent;;;;;296;;;TRUE
37655;B18.1;Chronic viral hepatitis B without delta-agent;;;;;296;;;TRUE
37656;B18.2;Chronic viral hepatitis C;;;;;296;;;TRUE
37657;B18.8;Other chronic viral hepatitis;;;;;296;;;TRUE
37658;B18.9;Chronic viral hepatitis, unspecified;;;;;296;;;TRUE
37659;B19;Unspecified viral hepatitis;;;;;296;;;TRUE
37660;B19.0;Unspecified viral hepatitis with hepatic coma;;;;;296;;;TRUE
37661;B19.9;Unspecified viral hepatitis without hepatic coma;;;;;296;;;TRUE
37662;B20;Human immunodeficiency virus [HIV] disease resulting in infectious and parasitic diseases;;;;;66;;;TRUE
37663;B20.0;HIV disease resulting in mycobacterial infection;;;;;66;;;TRUE
37664;B20.1;HIV disease resulting in other bacterial infections;;;;;66;;;TRUE
37665;B20.2;HIV disease resulting in cytomegaloviral disease;;;;;66;;;TRUE
37666;B20.3;HIV disease resulting in other viral infections;;;;;66;;;TRUE
37667;B20.4;HIV disease resulting in candidiasis;;;;;66;;;TRUE
37668;B20.5;HIV disease resulting in other mycoses;;;;;66;;;TRUE
37669;B20.6;HIV disease resulting in Pneumocystis jirovecii pneumonia;;;;;66;;;TRUE
37670;B20.7;HIV disease resulting in multiple infections;;;;;66;;;TRUE
37671;B20.8;HIV disease resulting in other infectious and parasitic diseases;;;;;66;;;TRUE
37672;B20.9;HIV disease resulting in unspecified infectious or parasitic disease;;;;;66;;;TRUE
37673;B21;Human immunodeficiency virus [HIV] disease resulting in malignant neoplasms;;;;;66;;;TRUE
37674;B21.0;HIV disease resulting in Kaposi sarcoma;;;;;66;;;TRUE
37675;B21.1;HIV disease resulting in Burkitt lymphoma;;;;;66;;;TRUE
37676;B21.2;HIV disease resulting in other types of non-Hodgkin lymphoma;;;;;66;;;TRUE
37677;B21.3;HIV disease resulting in other malignant neoplasms of lymphoid, haematopoietic and related tissue;;;;;66;;;TRUE
37678;B21.7;HIV disease resulting in multiple malignant neoplasms;;;;;66;;;TRUE
37679;B21.8;HIV disease resulting in other malignant neoplasms;;;;;66;;;TRUE
37680;B21.9;HIV disease resulting in unspecified malignant neoplasm;;;;;66;;;TRUE
37681;B22;Human immunodeficiency virus [HIV] disease resulting in other specified diseases;;;;;66;;;TRUE
37682;B22.0;HIV disease resulting in encephalopathy;;;;;66;;;TRUE
37683;B22.1;HIV disease resulting in lymphoid interstitial pneumonitis;;;;;66;;;TRUE
37684;B22.2;HIV disease resulting in wasting syndrome;;;;;66;;;TRUE
37685;B22.7;HIV disease resulting in multiple diseases classified elsewhere;;;;;66;;;TRUE
37686;B23;Human immunodeficiency virus [HIV] disease resulting in other conditions;;;;;66;;;TRUE
37687;B23.0;Acute HIV infection syndrome;;;;;66;;;TRUE
37688;B23.1;HIV disease resulting in (persistent) generalized lymphadenopathy;;;;;66;;;TRUE
37689;B23.2;HIV disease resulting in haematological and immunological abnormalities, not elsewhere classified;;;;;66;;;TRUE
37690;B23.8;HIV disease resulting in other specified conditions;;;;;66;;;TRUE
37691;B24;Unspecified human immunodeficiency virus [HIV] disease;;;;;66;;;TRUE
37692;B25;Cytomegaloviral disease;;;;;42;;;TRUE
37693;B25.0+;Cytomegaloviral pneumonitis (J17.1*);;;;;42;;;TRUE
37694;B25.1+;Cytomegaloviral hepatitis (K77.0*);;;;;42;;;TRUE
37695;B25.2+;Cytomegaloviral pancreatitis (K87.1*);;;;;42;;;TRUE
37696;B25.8;Other cytomegaloviral diseases;;;;;42;;;TRUE
37697;B25.9;Cytomegaloviral disease, unspecified;;;;;42;;;TRUE
37698;B26;Mumps;;;;;407;;;TRUE
37699;B26.0+;Mumps orchitis (N51.1*);;;;;407;;;TRUE
37700;B26.1+;Mumps meningitis (G02.0*);;;;;407;;;TRUE
37701;B26.2+;Mumps encephalitis (G05.1*);;;;;407;;;TRUE
37702;B26.3+;Mumps pancreatitis (K87.1*);;;;;407;;;TRUE
37703;B26.8;Mumps with other complications;;;;;407;;;TRUE
37704;B26.9;Mumps without complication;;;;;407;;;TRUE
37705;B27;Infectious mononucleosis;;;;;42;;;TRUE
37706;B27.0;Gammaherpesviral mononucleosis;;;;;42;;;TRUE
37707;B27.1;Cytomegaloviral mononucleosis;;;;;42;;;TRUE
37708;B27.8;Other infectious mononucleosis;;;;;42;;;TRUE
37709;B27.9;Infectious mononucleosis, unspecified;;;;;42;;;TRUE
37710;B30;Viral conjunctivitis;;;;;42;;;TRUE
37711;B30.0+;Keratoconjunctivitis due to adenovirus (H19.2*);;;;;42;;;TRUE
37712;B30.1+;Conjunctivitis due to adenovirus (H13.1*);;;;;42;;;TRUE
37713;B30.2;Viral pharyngoconjunctivitis;;;;;42;;;TRUE
37714;B30.3+;Acute epidemic haemorrhagic conjunctivitis (enteroviral) (H13.1*);;;;;42;;;TRUE
37715;B30.8+;Other viral conjunctivitis (H13.1*);;;;;42;;;TRUE
37716;B30.9;Viral conjunctivitis, unspecified;;;;;42;;;TRUE
37717;B33;Other viral diseases, not elsewhere classified;;;;;42;;;TRUE
37718;B33.0;Epidemic myalgia;;;;;42;;;TRUE
37719;B33.1;Ross River disease;;;;;42;;;TRUE
37720;B33.2;Viral carditis;;;;;42;;;TRUE
37721;B33.3;Retrovirus infections, not elsewhere classified;;;;;42;;;TRUE
37722;B33.8;Other specified viral diseases;;;;;42;;;TRUE
37723;B34;Viral infection of unspecified site;;;;;42;;;TRUE
37724;B34.0;Adenovirus infection, unspecified site;;;;;42;;;TRUE
37725;B34.1;Enterovirus infection, unspecified site;;;;;42;;;TRUE
37726;B34.2;Coronavirus infection, unspecified site;;;;;42;;;TRUE
37727;B34.3;Parvovirus infection, unspecified site;;;;;42;;;TRUE
37728;B34.4;Papovavirus infection, unspecified site;;;;;42;;;TRUE
37729;B34.8;Other viral infections of unspecified site;;;;;42;;;TRUE
37730;B34.9;Viral infection, unspecified;;;;;42;;;TRUE
37731;B35;Dermatophytosis;;;;;166;;;TRUE
37732;B35.0;Tinea barbae and tinea capitis;;;;;166;;;TRUE
37733;B35.1;Tinea unguium;;;;;166;;;TRUE
37734;B35.2;Tinea manuum;;;;;166;;;TRUE
37735;B35.3;Tinea pedis;;;;;166;;;TRUE
37736;B35.4;Tinea corporis;;;;;166;;;TRUE
37737;B35.5;Tinea imbricata;;;;;166;;;TRUE
37738;B35.6;Tinea cruris;;;;;166;;;TRUE
37739;B35.8;Other dermatophytoses;;;;;166;;;TRUE
37740;B35.9;Dermatophytosis, unspecified;;;;;166;;;TRUE
37741;B36;Other superficial mycoses;;;;;166;;;TRUE
37742;B36.0;Pityriasis versicolor;;;;;166;;;TRUE
37743;B36.1;Tinea nigra;;;;;166;;;TRUE
37744;B36.2;White piedra;;;;;166;;;TRUE
37745;B36.3;Black piedra;;;;;166;;;TRUE
37746;B36.8;Other specified superficial mycoses;;;;;166;;;TRUE
37747;B36.9;Superficial mycosis, unspecified;;;;;166;;;TRUE
37748;B37;Candidiasis;;;;;166;;;TRUE
37749;B37.0;Candidal stomatitis;;;;;166;;;TRUE
37750;B37.1;Pulmonary candidiasis;;;;;166;;;TRUE
37751;B37.2;Candidiasis of skin and nail;;;;;166;;;TRUE
37752;B37.3+;Candidiasis of vulva and vagina (N77.1*);;;;;166;;;TRUE
37753;B37.4+;Candidiasis of other urogenital sites;;;;;166;;;TRUE
37754;B37.5+;Candidal meningitis (G02.1*);;;;;166;;;TRUE
37755;B37.6+;Candidal endocarditis (I39.8*);;;;;166;;;TRUE
37756;B37.7;Candidal sepsis;;;;;166;;;TRUE
37757;B37.8;Candidiasis of other sites;;;;;166;;;TRUE
37758;B37.9;Candidiasis, unspecified;;;;;166;;;TRUE
37759;B38;Coccidioidomycosis;;;;;166;;;TRUE
37760;B38.0;Acute pulmonary coccidioidomycosis;;;;;166;;;TRUE
37761;B38.1;Chronic pulmonary coccidioidomycosis;;;;;166;;;TRUE
37762;B38.2;Pulmonary coccidioidomycosis, unspecified;;;;;166;;;TRUE
37763;B38.3;Cutaneous coccidioidomycosis;;;;;166;;;TRUE
37764;B38.4+;Coccidioidomycosis meningitis (G02.1*);;;;;166;;;TRUE
37765;B38.7;Disseminated coccidioidomycosis;;;;;166;;;TRUE
37766;B38.8;Other forms of coccidioidomycosis;;;;;166;;;TRUE
37767;B38.9;Coccidioidomycosis, unspecified;;;;;166;;;TRUE
37768;B39;Histoplasmosis;;;;;166;;;TRUE
37769;B39.0;Acute pulmonary histoplasmosis capsulati;;;;;166;;;TRUE
37770;B39.1;Chronic pulmonary histoplasmosis capsulati;;;;;166;;;TRUE
37771;B39.2;Pulmonary histoplasmosis capsulati, unspecified;;;;;166;;;TRUE
37772;B39.3;Disseminated histoplasmosis capsulati;;;;;166;;;TRUE
37773;B39.4;Histoplasmosis capsulati, unspecified;;;;;166;;;TRUE
37774;B39.5;Histoplasmosis duboisii;;;;;166;;;TRUE
37775;B39.9;Histoplasmosis, unspecified;;;;;166;;;TRUE
37776;B40;Blastomycosis;;;;;166;;;TRUE
37777;B40.0;Acute pulmonary blastomycosis;;;;;166;;;TRUE
37778;B40.1;Chronic pulmonary blastomycosis;;;;;166;;;TRUE
37779;B40.2;Pulmonary blastomycosis, unspecified;;;;;166;;;TRUE
37780;B40.3;Cutaneous blastomycosis;;;;;166;;;TRUE
37781;B40.7;Disseminated blastomycosis;;;;;166;;;TRUE
37782;B40.8;Other forms of blastomycosis;;;;;166;;;TRUE
37783;B40.9;Blastomycosis, unspecified;;;;;166;;;TRUE
37784;B41;Paracoccidioidomycosis;;;;;166;;;TRUE
37785;B41.0;Pulmonary paracoccidioidomycosis;;;;;166;;;TRUE
37786;B41.7;Disseminated paracoccidioidomycosis;;;;;166;;;TRUE
37787;B41.8;Other forms of paracoccidioidomycosis;;;;;166;;;TRUE
37788;B41.9;Paracoccidioidomycosis, unspecified;;;;;166;;;TRUE
37789;B42;Sporotrichosis;;;;;166;;;TRUE
37790;B42.0+;Pulmonary sporotrichosis (J99.8*);;;;;166;;;TRUE
37791;B42.1;Lymphocutaneous sporotrichosis;;;;;166;;;TRUE
37792;B42.7;Disseminated sporotrichosis;;;;;166;;;TRUE
37793;B42.8;Other forms of sporotrichosis;;;;;166;;;TRUE
37794;B42.9;Sporotrichosis, unspecified;;;;;166;;;TRUE
37795;B43;Chromomycosis and phaeomycotic abscess;;;;;166;;;TRUE
37796;B43.0;Cutaneous chromomycosis;;;;;166;;;TRUE
37797;B43.1;Phaeomycotic brain abscess;;;;;166;;;TRUE
37798;B43.2;Subcutaneous phaeomycotic abscess and cyst;;;;;166;;;TRUE
37799;B43.8;Other forms of chromomycosis;;;;;166;;;TRUE
37800;B43.9;Chromomycosis, unspecified;;;;;166;;;TRUE
37801;B44;Aspergillosis;;;;;166;;;TRUE
37802;B44.0;Invasive pulmonary aspergillosis;;;;;166;;;TRUE
37803;B44.1;Other pulmonary aspergillosis;;;;;166;;;TRUE
37804;B44.2;Tonsillar aspergillosis;;;;;166;;;TRUE
37805;B44.7;Disseminated aspergillosis;;;;;166;;;TRUE
37806;B44.8;Other forms of aspergillosis;;;;;166;;;TRUE
37807;B44.9;Aspergillosis, unspecified;;;;;166;;;TRUE
37808;B45;Cryptococcosis;;;;;166;;;TRUE
37809;B45.0;Pulmonary cryptococcosis;;;;;166;;;TRUE
37810;B45.1;Cerebral cryptococcosis;;;;;166;;;TRUE
37811;B45.2;Cutaneous cryptococcosis;;;;;166;;;TRUE
37812;B45.3;Osseous cryptococcosis;;;;;166;;;TRUE
37813;B45.7;Disseminated cryptococcosis;;;;;166;;;TRUE
37814;B45.8;Other forms of cryptococcosis;;;;;166;;;TRUE
37815;B45.9;Cryptococcosis, unspecified;;;;;166;;;TRUE
37816;B46;Zygomycosis;;;;;166;;;TRUE
37817;B46.0;Pulmonary mucormycosis;;;;;166;;;TRUE
37818;B46.1;Rhinocerebral mucormycosis;;;;;166;;;TRUE
37819;B46.2;Gastrointestinal mucormycosis;;;;;166;;;TRUE
37820;B46.3;Cutaneous mucormycosis;;;;;166;;;TRUE
37821;B46.4;Disseminated mucormycosis;;;;;166;;;TRUE
37822;B46.5;Mucormycosis, unspecified;;;;;166;;;TRUE
37823;B46.8;Other zygomycoses;;;;;166;;;TRUE
37824;B46.9;Zygomycosis, unspecified;;;;;166;;;TRUE
37825;B47;Mycetoma;;;;;166;;;TRUE
37826;B47.0;Eumycetoma;;;;;166;;;TRUE
37827;B47.1;Actinomycetoma;;;;;166;;;TRUE
37828;B47.9;Mycetoma, unspecified;;;;;166;;;TRUE
37829;B48;Other mycoses, not elsewhere classified;;;;;166;;;TRUE
37830;B48.0;Lobomycosis;;;;;166;;;TRUE
37831;B48.1;Rhinosporidiosis;;;;;166;;;TRUE
37832;B48.2;Allescheriasis;;;;;166;;;TRUE
37833;B48.3;Geotrichosis;;;;;166;;;TRUE
37834;B48.4;Penicillosis;;;;;166;;;TRUE
37835;B48.7;Opportunistic mycoses;;;;;166;;;TRUE
37836;B48.8;Other specified mycoses;;;;;166;;;TRUE
37837;B49;Unspecified mycosis;;;;;166;;;TRUE
37838;B50;Plasmodium falciparum malaria;;;;;80;;;TRUE
37839;B50.0;Plasmodium falciparum malaria with cerebral complications;;;;;80;;;TRUE
37840;B50.8;Other severe and complicated Plasmodium falciparum malaria;;;;;80;;;TRUE
37841;B50.9;Plasmodium falciparum malaria, unspecified;;;;;80;;;TRUE
37842;B51;Plasmodium vivax malaria;;;;;80;;;TRUE
37843;B51.0;Plasmodium vivax malaria with rupture of spleen;;;;;80;;;TRUE
37844;B51.8;Plasmodium vivax malaria with other complications;;;;;80;;;TRUE
37845;B51.9;Plasmodium vivax malaria without complication;;;;;80;;;TRUE
37846;B52;Plasmodium malariae malaria;;;;;80;;;TRUE
37847;B52.0;Plasmodium malariae malaria with nephropathy;;;;;80;;;TRUE
37848;B52.8;Plasmodium malariae malaria with other complications;;;;;80;;;TRUE
37849;B52.9;Plasmodium malariae malaria without complication;;;;;80;;;TRUE
37850;B53;Other parasitologically confirmed malaria;;;;;80;;;TRUE
37851;B53.0;Plasmodium ovale malaria;;;;;80;;;TRUE
37852;B53.1;Malaria due to simian plasmodia;;;;;80;;;TRUE
37853;B53.8;Other parasitologically confirmed malaria, not elsewhere classified;;;;;80;;;TRUE
37854;B54;Unspecified malaria;;;;;80;;;TRUE
37855;B55;Leishmaniasis;;;;;142;;;TRUE
37856;B55.0;Visceral leishmaniasis;;;;;142;;;TRUE
37857;B55.1;Cutaneous leishmaniasis;;;;;142;;;TRUE
37858;B55.2;Mucocutaneous leishmaniasis;;;;;142;;;TRUE
37859;B55.9;Leishmaniasis, unspecified;;;;;142;;;TRUE
37860;B56;African trypanosomiasis;;;;;218;;;TRUE
37861;B56.0;Gambiense trypanosomiasis;;;;;218;;;TRUE
37862;B56.1;Rhodesiense trypanosomiasis;;;;;218;;;TRUE
37863;B56.9;African trypanosomiasis, unspecified;;;;;218;;;TRUE
37864;B57;Chagas disease;;;;;218;;;TRUE
37865;B57.0+;Acute Chagas' disease with heart involvement (I41.2*, I98.1*);;;;;218;;;TRUE
37866;B57.1;Acute Chagas disease without heart involvement;;;;;218;;;TRUE
37867;B57.2+;Chagas' disease (chronic) with heart involvement (I41.2*, I98.1*);;;;;218;;;TRUE
37868;B57.3;Chagas disease (chronic) with digestive system involvement;;;;;218;;;TRUE
37869;B57.4;Chagas disease (chronic) with nervous system involvement;;;;;218;;;TRUE
37870;B57.5;Chagas disease (chronic) with other organ involvement;;;;;218;;;TRUE
37871;B58;Toxoplasmosis;;;;;30;;;TRUE
37872;B58.0+;Toxoplasma oculopathy;;;;;30;;;TRUE
37873;B58.1+;Toxoplasma hepatitis (K77.0*);;;;;30;;;TRUE
37874;B58.2+;Toxoplasma meningoencephalitis (G05.2*);;;;;30;;;TRUE
37875;B58.3+;Pulmonary toxoplasmosis (J17.3*);;;;;30;;;TRUE
37876;B58.8;Toxoplasmosis with other organ involvement;;;;;30;;;TRUE
37877;B58.9;Toxoplasmosis, unspecified;;;;;30;;;TRUE
37878;B59;Pneumocystosis;;;;;287;;;TRUE
37879;B60;Other protozoal diseases, not elsewhere classified;;;;;287;;;TRUE
37880;B60.0;Babesiosis;;;;;287;;;TRUE
37881;B60.1;Acanthamoebiasis;;;;;287;;;TRUE
37882;B60.2;Naegleriasis;;;;;287;;;TRUE
37883;B60.8;Other specified protozoal diseases;;;;;287;;;TRUE
37884;B64;Unspecified protozoal disease;;;;;287;;;TRUE
37885;B65;Schistosomiasis [bilharziasis];;;;;132;;;TRUE
37886;B65.0;Schistosomiasis due to Schistosoma haematobium [urinary schistosomiasis];;;;;132;;;TRUE
37887;B65.1;Schistosomiasis due to Schistosoma mansoni [intestinal schistosomiasis];;;;;132;;;TRUE
37888;B65.2;Schistosomiasis due to Schistosoma japonicum;;;;;132;;;TRUE
37889;B65.3;Cercarial dermatitis;;;;;132;;;TRUE
37890;B65.8;Other schistosomiases;;;;;132;;;TRUE
37891;B65.9;Schistosomiasis, unspecified;;;;;132;;;TRUE
37892;B66;Other fluke infections;;;;;336;;;TRUE
37893;B66.0;Opisthorchiasis;;;;;336;;;TRUE
37894;B66.1;Clonorchiasis;;;;;336;;;TRUE
37895;B66.2;Dicrocoeliasis;;;;;336;;;TRUE
37896;B66.3;Fascioliasis;;;;;336;;;TRUE
37897;B66.4;Paragonimiasis;;;;;336;;;TRUE
37898;B66.5;Fasciolopsiasis;;;;;336;;;TRUE
37899;B66.8;Other specified fluke infections;;;;;336;;;TRUE
37900;B66.9;Fluke infection, unspecified;;;;;336;;;TRUE
37901;B67;Echinococcosis;;;;;396;;;TRUE
37902;B67.0;Echinococcus granulosus infection of liver;;;;;396;;;TRUE
37903;B67.1;Echinococcus granulosus infection of lung;;;;;396;;;TRUE
37904;B67.2;Echinococcus granulosus infection of bone;;;;;396;;;TRUE
37905;B67.3;Echinococcus granulosus infection, other and multiple sites;;;;;396;;;TRUE
37906;B67.4;Echinococcus granulosus infection, unspecified;;;;;396;;;TRUE
37907;B67.5;Echinococcus multilocularis infection of liver;;;;;396;;;TRUE
37908;B67.6;Echinococcus multilocularis infection, other and multiple sites;;;;;396;;;TRUE
37909;B67.7;Echinococcus multilocularis infection, unspecified;;;;;396;;;TRUE
37910;B67.8;Echinococcosis, unspecified, of liver;;;;;396;;;TRUE
37911;B67.9;Echinococcosis, other and unspecified;;;;;396;;;TRUE
37912;B68;Taeniasis;;;;;157;;;TRUE
37913;B68.0;Taenia solium taeniasis;;;;;157;;;TRUE
37914;B68.1;Taenia saginata taeniasis;;;;;157;;;TRUE
37915;B68.9;Taeniasis, unspecified;;;;;157;;;TRUE
37916;B69;Cysticercosis;;;;;157;;;TRUE
37917;B69.0;Cysticercosis of central nervous system;;;;;157;;;TRUE
37918;B69.1;Cysticercosis of eye;;;;;157;;;TRUE
37919;B69.8;Cysticercosis of other sites;;;;;157;;;TRUE
37920;B69.9;Cysticercosis, unspecified;;;;;157;;;TRUE
37921;B70;Diphyllobothriasis and sparganosis;;;;;157;;;TRUE
37922;B70.0;Diphyllobothriasis;;;;;157;;;TRUE
37923;B70.1;Sparganosis;;;;;157;;;TRUE
37924;B71;Other cestode infections;;;;;157;;;TRUE
37925;B71.0;Hymenolepiasis;;;;;157;;;TRUE
37926;B71.1;Dipylidiasis;;;;;157;;;TRUE
37927;B71.8;Other specified cestode infections;;;;;157;;;TRUE
37928;B71.9;Cestode infection, unspecified;;;;;157;;;TRUE
37929;B72;Dracunculiasis;;;;;116;;;TRUE
37930;B73;Onchocerciasis;;;;;96;;;TRUE
37931;B74;Filariasis;;;;;314;;;TRUE
37932;B74.0;Filariasis due to Wuchereria bancrofti;;;;;314;;;TRUE
37933;B74.1;Filariasis due to Brugia malayi;;;;;314;;;TRUE
37934;B74.2;Filariasis due to Brugia timori;;;;;314;;;TRUE
37935;B74.3;Loiasis;;;;;314;;;TRUE
37936;B74.4;Mansonelliasis;;;;;314;;;TRUE
37937;B74.8;Other filariases;;;;;314;;;TRUE
37938;B74.9;Filariasis, unspecified;;;;;314;;;TRUE
37939;B75;Trichinellosis;;;;;157;;;TRUE
37940;B76;Hookworm diseases;;;;;194;;;TRUE
37941;B76.0;Ancylostomiasis;;;;;194;;;TRUE
37942;B76.1;Necatoriasis;;;;;194;;;TRUE
37943;B76.8;Other hookworm diseases;;;;;194;;;TRUE
37944;B76.9;Hookworm disease, unspecified;;;;;194;;;TRUE
37945;B77;Ascariasis;;;;;157;;;TRUE
37946;B77.0;Ascariasis with intestinal complications;;;;;157;;;TRUE
37947;B77.8;Ascariasis with other complications;;;;;157;;;TRUE
37948;B77.9;Ascariasis, unspecified;;;;;157;;;TRUE
37949;B78;Strongyloidiasis;;;;;157;;;TRUE
37950;B78.0;Intestinal strongyloidiasis;;;;;157;;;TRUE
37951;B78.1;Cutaneous strongyloidiasis;;;;;157;;;TRUE
37952;B78.7;Disseminated strongyloidiasis;;;;;157;;;TRUE
37953;B78.9;Strongyloidiasis, unspecified;;;;;157;;;TRUE
37954;B79;Trichuriasis;;;;;157;;;TRUE
37955;B80;Enterobiasis;;;;;157;;;TRUE
37956;B81;Other intestinal helminthiases, not elsewhere classified;;;;;157;;;TRUE
37957;B81.0;Anisakiasis;;;;;157;;;TRUE
37958;B81.1;Intestinal capillariasis;;;;;157;;;TRUE
37959;B81.2;Trichostrongyliasis;;;;;157;;;TRUE
37960;B81.3;Intestinal angiostrongyliasis;;;;;157;;;TRUE
37961;B81.4;Mixed intestinal helminthiases;;;;;157;;;TRUE
37962;B81.8;Other specified intestinal helminthiases;;;;;157;;;TRUE
37963;B82;Unspecified intestinal parasitism;;;;;157;;;TRUE
37964;B82.0;Intestinal helminthiasis, unspecified;;;;;157;;;TRUE
37965;B82.9;Intestinal parasitism, unspecified;;;;;157;;;TRUE
37966;B83;Other helminthiases;;;;;157;;;TRUE
37967;B83.0;Visceral larva migrans;;;;;157;;;TRUE
37968;B83.1;Gnathostomiasis;;;;;157;;;TRUE
37969;B83.2;Angiostrongyliasis due to Parastrongylus cantonensis;;;;;157;;;TRUE
37970;B83.3;Syngamiasis;;;;;157;;;TRUE
37971;B83.4;Internal hirudiniasis;;;;;157;;;TRUE
37972;B83.8;Other specified helminthiases;;;;;157;;;TRUE
37973;B83.9;Helminthiasis, unspecified;;;;;157;;;TRUE
37974;B85;Pediculosis and phthiriasis;;;;;287;;;TRUE
37975;B85.0;Pediculosis due to Pediculus humanus capitis;;;;;287;;;TRUE
37976;B85.1;Pediculosis due to Pediculus humanus corporis;;;;;287;;;TRUE
37977;B85.2;Pediculosis, unspecified;;;;;287;;;TRUE
37978;B85.3;Phthiriasis;;;;;287;;;TRUE
37979;B85.4;Mixed pediculosis and phthiriasis;;;;;287;;;TRUE
37980;B86;Scabies;;;;;287;;;TRUE
37981;B87;Myiasis;;;;;287;;;TRUE
37982;B87.0;Cutaneous myiasis;;;;;287;;;TRUE
37983;B87.1;Wound myiasis;;;;;287;;;TRUE
37984;B87.2;Ocular myiasis;;;;;287;;;TRUE
37985;B87.3;Nasopharyngeal myiasis;;;;;287;;;TRUE
37986;B87.4;Aural myiasis;;;;;287;;;TRUE
37987;B87.8;Myiasis of other sites;;;;;287;;;TRUE
37988;B87.9;Myiasis, unspecified;;;;;287;;;TRUE
37989;B88;Other infestations;;;;;287;;;TRUE
37990;B88.0;Other acariasis;;;;;287;;;TRUE
37991;B88.1;Tungiasis [sandflea infestation];;;;;287;;;TRUE
37992;B88.2;Other arthropod infestations;;;;;287;;;TRUE
37993;B88.3;External hirudiniasis;;;;;287;;;TRUE
37994;B88.8;Other specified infestations;;;;;287;;;TRUE
37995;B88.9;Infestation, unspecified;;;;;287;;;TRUE
37996;B89;Unspecified parasitic disease;;;;;287;;;TRUE
37997;B90;Sequelae of tuberculosis;;;;;1;;;TRUE
37998;B90.0;Sequelae of central nervous system tuberculosis;;;;;1;;;TRUE
37999;B90.1;Sequelae of genitourinary tuberculosis;;;;;1;;;TRUE
38000;B90.2;Sequelae of tuberculosis of bones and joints;;;;;1;;;TRUE
38001;B90.8;Sequelae of tuberculosis of other organs;;;;;1;;;TRUE
38002;B90.9;Sequelae of respiratory and unspecified tuberculosis;;;;;432;;;TRUE
38003;B91;Sequelae of poliomyelitis;;;;;174;;;TRUE
38004;B92;Sequelae of leprosy;;;;;175;;;TRUE
38005;B94;Sequelae of other and unspecified infectious and parasitic diseases;;;;;287;;;TRUE
38006;B94.0;Sequelae of trachoma;;;;;287;;;TRUE
38007;B94.1;Sequelae of viral encephalitis;;;;;287;;;TRUE
38008;B94.2;Sequelae of viral hepatitis;;;;;287;;;TRUE
38009;B94.8;Sequelae of other specified infectious and parasitic diseases;;;;;287;;;TRUE
38010;B94.9;Sequelae of unspecified infectious or parasitic disease;;;;;287;;;TRUE
38011;B95;Streptococcus and staphylococcus as the cause of diseases classified to other chapters;;;;;287;;;TRUE
38012;B95.0;Streptococcus, group A, as the cause of diseases classified to other chapters;;;;;287;;;TRUE
38013;B95.1;Streptococcus, group B, as the cause of diseases classified to other chapters;;;;;287;;;TRUE
38014;B95.2;Streptococcus, group D, as the cause of diseases classified to other chapters;;;;;287;;;TRUE
38015;B95.3;Streptococcus pneumoniae as the cause of diseases classified to other chapters;;;;;287;;;TRUE
38016;B95.4;Other streptococcus as the cause of diseases classified to other chapters;;;;;287;;;TRUE
38017;B95.5;Unspecified streptococcus as the cause of diseases classified to other chapters;;;;;287;;;TRUE
38018;B95.6;Staphylococcus aureus as the cause of diseases classified to other chapters;;;;;287;;;TRUE
38019;B95.7;Other staphylococcus as the cause of diseases classified to other chapters;;;;;287;;;TRUE
38020;B95.8;Unspecified staphylococcus as the cause of diseases classified to other chapters;;;;;287;;;TRUE
38021;B96;Other bacterial agents as the cause of diseases classified to other chapters;;;;;287;;;TRUE
38022;B96.0;Mycoplasma pneumoniae [M. pneumoniae] as the cause of diseases classified to other chapters;;;;;287;;;TRUE
38023;B96.1;Klebsiella pneumoniae [K. pneumoniae] as the cause of diseases classified to other chapters;;;;;287;;;TRUE
38024;B96.2;Escherichia coli [E. coli] as the cause of diseases classified to other chapters;;;;;287;;;TRUE
38025;B96.3;Haemophilus influenzae [H. influenzae] as the cause of diseases classified to other chapters;;;;;287;;;TRUE
38026;B96.4;Proteus (mirabilis)(morganii) as the cause of diseases classified to other chapters;;;;;287;;;TRUE
38027;B96.5;Pseudomonas (aeruginosa) as the cause of diseases classified to other chapters;;;;;287;;;TRUE
38028;B96.6;Bacillus fragilis [B. fragilis] as the cause of diseases classified to other chapters;;;;;287;;;TRUE
38029;B96.7;Clostridium perfringens [C. perfringens] as the cause of diseases classified to other chapters;;;;;287;;;TRUE
38030;B96.8;Other specified bacterial agents as the cause of diseases classified to other chapters;;;;;287;;;TRUE
38031;B97;Viral agents as the cause of diseases classified to other chapters;;;;;287;;;TRUE
38032;B97.0;Adenovirus as the cause of diseases classified to other chapters;;;;;287;;;TRUE
38033;B97.1;Enterovirus as the cause of diseases classified to other chapters;;;;;287;;;TRUE
38034;B97.2;Coronavirus as the cause of diseases classified to other chapters;;;;;287;;;TRUE
38035;B97.3;Retrovirus as the cause of diseases classified to other chapters;;;;;287;;;TRUE
38036;B97.4;Respiratory syncytial virus as the cause of diseases classified to other chapters;;;;;287;;;TRUE
38037;B97.5;Reovirus as the cause of diseases classified to other chapters;;;;;287;;;TRUE
38038;B97.6;Parvovirus as the cause of diseases classified to other chapters;;;;;287;;;TRUE
38039;B97.7;Papillomavirus as the cause of diseases classified to other chapters;;;;;287;;;TRUE
38040;B97.8;Other viral agents as the cause of diseases classified to other chapters;;;;;287;;;TRUE
38041;B99;Other and unspecified infectious diseases;;;;;287;;;TRUE
38042;C00;Malignant neoplasm of lip;;;;;198;;;TRUE
38043;C00.0;Malignant neoplasm: External upper lip;;;;;198;;;TRUE
38044;C00.1;Malignant neoplasm: External lower lip;;;;;198;;;TRUE
38045;C00.2;Malignant neoplasm: External lip, unspecified;;;;;198;;;TRUE
38046;C00.3;Malignant neoplasm: Upper lip, inner aspect;;;;;198;;;TRUE
38047;C00.4;Malignant neoplasm: Lower lip, inner aspect;;;;;198;;;TRUE
38048;C00.5;Malignant neoplasm: Lip, unspecified, inner aspect;;;;;198;;;TRUE
38049;C00.6;Malignant neoplasm: Commissure of lip;;;;;198;;;TRUE
38050;C00.8;Malignant neoplasm: Overlapping lesion of lip;;;;;198;;;TRUE
38051;C00.9;Malignant neoplasm: Lip, unspecified;;;;;198;;;TRUE
38052;C01;Malignant neoplasm of base of tongue;;;;;198;;;TRUE
38053;C02;Malignant neoplasm of other and unspecified parts of tongue;;;;;198;;;TRUE
38054;C02.0;Malignant neoplasm: Dorsal surface of tongue;;;;;198;;;TRUE
38055;C02.1;Malignant neoplasm: Border of tongue;;;;;198;;;TRUE
38056;C02.2;Malignant neoplasm: Ventral surface of tongue;;;;;198;;;TRUE
38057;C02.3;Malignant neoplasm: Anterior two-thirds of tongue, part unspecified;;;;;198;;;TRUE
38058;C02.4;Malignant neoplasm: Lingual tonsil;;;;;198;;;TRUE
38059;C02.8;Malignant neoplasm: Overlapping lesion of tongue;;;;;198;;;TRUE
38060;C02.9;Malignant neoplasm: Tongue, unspecified;;;;;198;;;TRUE
38061;C03;Malignant neoplasm of gum;;;;;198;;;TRUE
38062;C03.0;Malignant neoplasm: Upper gum;;;;;198;;;TRUE
38063;C03.1;Malignant neoplasm: Lower gum;;;;;198;;;TRUE
38064;C03.9;Malignant neoplasm: Gum, unspecified;;;;;198;;;TRUE
38065;C04;Malignant neoplasm of floor of mouth;;;;;198;;;TRUE
38066;C04.0;Malignant neoplasm: Anterior floor of mouth;;;;;198;;;TRUE
38067;C04.1;Malignant neoplasm: Lateral floor of mouth;;;;;198;;;TRUE
38068;C04.8;Malignant neoplasm: Overlapping lesion of floor of mouth;;;;;198;;;TRUE
38069;C04.9;Malignant neoplasm: Floor of mouth, unspecified;;;;;198;;;TRUE
38070;C05;Malignant neoplasm of palate;;;;;198;;;TRUE
38071;C05.0;Malignant neoplasm: Hard palate;;;;;198;;;TRUE
38072;C05.1;Malignant neoplasm: Soft palate;;;;;198;;;TRUE
38073;C05.2;Malignant neoplasm: Uvula;;;;;198;;;TRUE
38074;C05.8;Malignant neoplasm: Overlapping lesion of palate;;;;;198;;;TRUE
38075;C05.9;Malignant neoplasm: Palate, unspecified;;;;;198;;;TRUE
38076;C06;Malignant neoplasm of other and unspecified parts of mouth;;;;;198;;;TRUE
38077;C06.0;Malignant neoplasm: Cheek mucosa;;;;;198;;;TRUE
38078;C06.1;Malignant neoplasm: Vestibule of mouth;;;;;198;;;TRUE
38079;C06.2;Malignant neoplasm: Retromolar area;;;;;198;;;TRUE
38080;C06.8;Malignant neoplasm: Overlapping lesion of other and unspecified parts of mouth;;;;;198;;;TRUE
38081;C06.9;Malignant neoplasm: Mouth, unspecified;;;;;198;;;TRUE
38082;C07;Malignant neoplasm of parotid gland;;;;;198;;;TRUE
38083;C08;Malignant neoplasm of other and unspecified major salivary glands;;;;;198;;;TRUE
38084;C08.0;Malignant neoplasm: Submandibular gland;;;;;198;;;TRUE
38085;C08.1;Malignant neoplasm: Sublingual gland;;;;;198;;;TRUE
38086;C08.8;Malignant neoplasm: Overlapping lesion of major salivary glands;;;;;198;;;TRUE
38087;C08.9;Malignant neoplasm: Major salivary gland, unspecified;;;;;198;;;TRUE
38088;C09;Malignant neoplasm of tonsil;;;;;198;;;TRUE
38089;C09.0;Malignant neoplasm: Tonsillar fossa;;;;;198;;;TRUE
38090;C09.1;Malignant neoplasm: Tonsillar pillar (anterior)(posterior);;;;;198;;;TRUE
38091;C09.8;Malignant neoplasm: Overlapping lesion of tonsil;;;;;198;;;TRUE
38092;C09.9;Malignant neoplasm: Tonsil, unspecified;;;;;198;;;TRUE
38093;C10;Malignant neoplasm of oropharynx;;;;;198;;;TRUE
38094;C10.0;Malignant neoplasm: Vallecula;;;;;198;;;TRUE
38095;C10.1;Malignant neoplasm: Anterior surface of epiglottis;;;;;198;;;TRUE
38096;C10.2;Malignant neoplasm: Lateral wall of oropharynx;;;;;198;;;TRUE
38097;C10.3;Malignant neoplasm: Posterior wall of oropharynx;;;;;198;;;TRUE
38098;C10.4;Malignant neoplasm: Branchial cleft;;;;;198;;;TRUE
38099;C10.8;Malignant neoplasm: Overlapping lesion of oropharynx;;;;;198;;;TRUE
38100;C10.9;Malignant neoplasm: Oropharynx, unspecified;;;;;198;;;TRUE
38101;C11;Malignant neoplasm of nasopharynx;;;;;243;;;TRUE
38102;C11.0;Malignant neoplasm: Superior wall of nasopharynx;;;;;243;;;TRUE
38103;C11.1;Malignant neoplasm: Posterior wall of nasopharynx;;;;;243;;;TRUE
38104;C11.2;Malignant neoplasm: Lateral wall of nasopharynx;;;;;243;;;TRUE
38105;C11.3;Malignant neoplasm: Anterior wall of nasopharynx;;;;;243;;;TRUE
38106;C11.8;Malignant neoplasm: Overlapping lesion of nasopharynx;;;;;243;;;TRUE
38107;C11.9;Malignant neoplasm: Nasopharynx, unspecified;;;;;243;;;TRUE
38108;C12;Malignant neoplasm of piriform sinus;;;;;276;;;TRUE
38109;C13;Malignant neoplasm of hypopharynx;;;;;276;;;TRUE
38110;C13.0;Malignant neoplasm: Postcricoid region;;;;;276;;;TRUE
38111;C13.1;Malignant neoplasm: Aryepiglottic fold, hypopharyngeal aspect;;;;;276;;;TRUE
38112;C13.2;Malignant neoplasm: Posterior wall of hypopharynx;;;;;276;;;TRUE
38113;C13.8;Malignant neoplasm: Overlapping lesion of hypopharynx;;;;;276;;;TRUE
38114;C13.9;Malignant neoplasm: Hypopharynx, unspecified;;;;;276;;;TRUE
38115;C14;Malignant neoplasm of other and ill-defined sites in the lip, oral cavity and pharynx;;;;;276;;;TRUE
38116;C14.0;Malignant neoplasm: Pharynx, unspecified;;;;;276;;;TRUE
38117;C14.2;Malignant neoplasm: Waldeyer ring;;;;;276;;;TRUE
38118;C14.8;Malignant neoplasm: Overlapping lesion of lip, oral cavity and pharynx;;;;;276;;;TRUE
38119;C15;Malignant neoplasm of oesophagus;;;;;280;;;TRUE
38120;C15.0;Malignant neoplasm: Cervical part of oesophagus;;;;;280;;;TRUE
38121;C15.1;Malignant neoplasm: Thoracic part of oesophagus;;;;;280;;;TRUE
38122;C15.2;Malignant neoplasm: Abdominal part of oesophagus;;;;;280;;;TRUE
38123;C15.3;Malignant neoplasm: Upper third of oesophagus;;;;;280;;;TRUE
38124;C15.4;Malignant neoplasm: Middle third of oesophagus;;;;;280;;;TRUE
38125;C15.5;Malignant neoplasm: Lower third of oesophagus;;;;;280;;;TRUE
38126;C15.8;Malignant neoplasm: Overlapping lesion of oesophagus;;;;;280;;;TRUE
38127;C15.9;Malignant neoplasm: Oesophagus, unspecified;;;;;280;;;TRUE
38128;C16;Malignant neoplasm of stomach;;;;;199;;;TRUE
38129;C16.0;Malignant neoplasm: Cardia;;;;;199;;;TRUE
38130;C16.1;Malignant neoplasm: Fundus of stomach;;;;;199;;;TRUE
38131;C16.2;Malignant neoplasm: Body of stomach;;;;;199;;;TRUE
38132;C16.3;Malignant neoplasm: Pyloric antrum;;;;;199;;;TRUE
